race_number,race_name,race_date,sponsor,driver,team,car_number,finish_position,laps_led,is_win,is_playoff,reddit_mentions,youtube_sponsor_views,news_weighted_mentions,finish_norm,laps_norm,reddit_norm,youtube_norm,news_norm,win_norm,playoff_norm,visibility_score
1,Daytona 500,2024-02-18,Dollar Tree,J.H. Nemechek,Legacy Motor Club #42,42,33,0,0,0,20,32678,0.64,17.9487,0.0,3.0349,29.3409,0.5185,0,0,8.4188
1,Daytona 500,2024-02-18,Fastenal,Chris Buescher,RFK Racing #17,17,28,0,0,0,48,64931,4.46,30.7692,0.0,7.2838,41.0352,4.7325,0,0,14.867
1,Daytona 500,2024-02-18,Love's Travel Stops,Todd Gilliland,Front Row Motorsports #34,34,19,0,0,0,12,46789,1.68,53.8462,0.0,1.8209,35.4543,1.6657,0,0,19.3042
1,Daytona 500,2024-02-18,Monster Energy,Tyler Reddick,23XI Racing #45,45,10,5,0,0,209,844232,19.18,76.9231,3.1646,31.7147,84.724,20.9708,0,0,39.8533
1,Daytona 500,2024-02-18,NAPA Auto Parts,Chase Elliott,Hendrick Motorsports #9,9,1,142,1,0,659,2070050,90.82,100.0,89.8734,100.0,100.0,100.0,100,0,94.7848
2,Ambetter Health 400,2024-02-25,Dollar Tree,J.H. Nemechek,Legacy Motor Club #42,42,25,0,0,0,3,7214,0.23,38.4615,0.0,0.4552,3.6128,0.0662,0,0,11.1959
2,Ambetter Health 400,2024-02-25,Fastenal,Chris Buescher,RFK Racing #17,17,18,0,0,0,18,60082,1.87,56.4103,0.0,2.7314,39.7133,1.8753,0,0,20.6019
2,Ambetter Health 400,2024-02-25,Love's Travel Stops,Todd Gilliland,Front Row Motorsports #34,34,19,0,0,0,5,8581,0.41,53.8462,0.0,0.7587,6.5679,0.2648,0,0,15.889
2,Ambetter Health 400,2024-02-25,Monster Energy,Tyler Reddick,23XI Racing #45,45,9,0,0,0,47,148257,7.3,79.4872,0.0,7.132,55.0971,7.8654,0,0,30.839
2,Ambetter Health 400,2024-02-25,NAPA Auto Parts,Chase Elliott,Hendrick Motorsports #9,9,2,12,0,0,85,411000,12.58,97.4359,7.5949,12.8983,72.4637,13.69,0,0,40.8367
3,Pennzoil 400,2024-03-03,Dollar Tree,J.H. Nemechek,Legacy Motor Club #42,42,29,0,0,0,5,12102,0.35,28.2051,0.0,0.7587,12.4233,0.1986,0,0,9.2752
3,Pennzoil 400,2024-03-03,Fastenal,Chris Buescher,RFK Racing #17,17,26,0,0,0,10,22847,1.01,35.8974,0.0,1.5175,23.2457,0.9266,0,0,12.8056
3,Pennzoil 400,2024-03-03,Love's Travel Stops,Todd Gilliland,Front Row Motorsports #34,34,20,0,0,0,3,11570,0.29,51.2821,0.0,0.4552,11.6577,0.1324,0,0,15.61
3,Pennzoil 400,2024-03-03,Monster Energy,Tyler Reddick,23XI Racing #45,45,1,109,1,0,241,822285,28.16,100.0,68.9873,36.5706,84.2753,30.877,100,0,63.6262
3,Pennzoil 400,2024-03-03,NAPA Auto Parts,Chase Elliott,Hendrick Motorsports #9,9,2,41,0,0,131,437632,12.14,97.4359,25.9494,19.8786,73.5331,13.2046,0,0,43.6985
4,United Rentals Work United 500,2024-03-10,Dollar Tree,J.H. Nemechek,Legacy Motor Club #42,42,29,0,0,0,3,9107,0.23,28.2051,0.0,0.4552,7.5811,0.0662,0,0,8.7209
4,United Rentals Work United 500,2024-03-10,Fastenal,Chris Buescher,RFK Racing #17,17,12,0,0,0,6,57236,1.22,71.7949,0.0,0.9105,38.8868,1.1583,0,0,24.4298
4,United Rentals Work United 500,2024-03-10,Love's Travel Stops,Todd Gilliland,Front Row Motorsports #34,34,30,0,0,0,2,6199,0.29,25.641,0.0,0.3035,1.0305,0.1324,0,0,7.3526
4,United Rentals Work United 500,2024-03-10,Monster Energy,Tyler Reddick,23XI Racing #45,45,29,0,0,0,28,90736,2.9,28.2051,0.0,4.2489,46.7346,3.0116,0,0,13.8993
4,United Rentals Work United 500,2024-03-10,NAPA Auto Parts,Chase Elliott,Hendrick Motorsports #9,9,17,0,0,0,73,158360,6.16,58.9744,0.0,11.0774,56.2199,6.6078,0,0,25.2249
5,Food City 500,2024-03-17,Dollar Tree,J.H. Nemechek,Legacy Motor Club #42,42,22,0,0,0,3,9173,0.17,46.1538,0.0,0.4552,7.7041,0.0,0,0,13.739
5,Food City 500,2024-03-17,Fastenal,Chris Buescher,RFK Racing #17,17,10,9,0,0,33,69274,2.3,76.9231,5.6962,5.0076,42.138,2.3497,0,0,27.6415
5,Food City 500,2024-03-17,Love's Travel Stops,Todd Gilliland,Front Row Motorsports #34,34,27,0,0,0,3,8698,0.29,33.3333,0.0,0.4552,6.7986,0.1324,0,0,10.0984
5,Food City 500,2024-03-17,Monster Energy,Tyler Reddick,23XI Racing #45,45,22,0,0,0,14,81144,3.52,46.1538,0.0,2.1244,44.8316,3.6955,0,0,18.7273
5,Food City 500,2024-03-17,NAPA Auto Parts,Chase Elliott,Hendrick Motorsports #9,9,7,9,0,0,77,174947,12.14,84.6154,5.6962,11.6844,57.9165,13.2046,0,0,35.2973
6,EchoPark Automotive Grand Prix,2024-03-24,Dollar Tree,J.H. Nemechek,Legacy Motor Club #42,42,29,0,0,0,4,14982,0.35,28.2051,0.0,0.607,16.059,0.1986,0,0,9.6236
6,EchoPark Automotive Grand Prix,2024-03-24,Fastenal,Chris Buescher,RFK Racing #17,17,23,0,0,0,10,31717,1.22,43.5897,0.0,1.5175,28.8325,1.1583,0,0,15.5876
6,EchoPark Automotive Grand Prix,2024-03-24,Love's Travel Stops,Todd Gilliland,Front Row Motorsports #34,34,31,0,0,0,2,10231,0.23,23.0769,0.0,0.3035,9.5631,0.0662,0,0,7.4681
6,EchoPark Automotive Grand Prix,2024-03-24,Monster Energy,Tyler Reddick,23XI Racing #45,45,2,14,0,0,167,540360,17.42,97.4359,8.8608,25.3414,77.1244,19.0292,0,0,44.3007
6,EchoPark Automotive Grand Prix,2024-03-24,NAPA Auto Parts,Chase Elliott,Hendrick Motorsports #9,9,13,0,0,0,52,139723,4.22,69.2308,0.0,7.8907,54.0874,4.4677,0,0,26.9227
7,Toyota Owners 400,2024-03-31,Dollar Tree,J.H. Nemechek,Legacy Motor Club #42,42,36,0,0,0,3,10025,0.29,10.2564,0.0,0.4552,9.2167,0.1324,0,0,3.8787
7,Toyota Owners 400,2024-03-31,Fastenal,Chris Buescher,RFK Racing #17,17,13,0,0,0,22,59502,1.87,69.2308,0.0,3.3384,39.5481,1.8753,0,0,24.2359
7,Toyota Owners 400,2024-03-31,Love's Travel Stops,Todd Gilliland,Front Row Motorsports #34,34,23,0,0,0,4,7852,0.23,43.5897,0.0,0.607,5.056,0.0662,0,0,12.7913
7,Toyota Owners 400,2024-03-31,Monster Energy,Tyler Reddick,23XI Racing #45,45,12,0,0,0,41,207769,3.7,71.7949,0.0,6.2215,60.8451,3.8941,0,0,27.9775
7,Toyota Owners 400,2024-03-31,NAPA Auto Parts,Chase Elliott,Hendrick Motorsports #9,9,1,46,1,0,139,748108,20.33,100.0,29.1139,21.0926,82.6651,22.2394,100,0,54.5413
8,GEICO 500,2024-04-21,Dollar Tree,J.H. Nemechek,Legacy Motor Club #42,42,22,0,0,0,0,9090,0.35,46.1538,0.0,0.0,7.5493,0.1986,0,0,13.7376
8,GEICO 500,2024-04-21,Fastenal,Chris Buescher,RFK Racing #17,17,19,0,0,0,23,56860,1.3,53.8462,0.0,3.4901,38.7746,1.2466,0,0,19.6774
8,GEICO 500,2024-04-21,Love's Travel Stops,Todd Gilliland,Front Row Motorsports #34,34,12,0,0,0,3,12773,0.23,71.7949,0.0,0.4552,13.3423,0.0662,0,0,21.5022
8,GEICO 500,2024-04-21,Monster Energy,Tyler Reddick,23XI Racing #45,45,6,0,0,0,83,180421,7.92,87.1795,0.0,12.5948,58.4413,8.5494,0,0,34.0787
8,GEICO 500,2024-04-21,NAPA Auto Parts,Chase Elliott,Hendrick Motorsports #9,9,4,40,0,0,62,385315,14.08,92.3077,25.3165,9.4082,71.3646,15.3447,0,0,41.5648
9,Würth 400,2024-04-28,Dollar Tree,J.H. Nemechek,Legacy Motor Club #42,42,27,0,0,0,4,10180,0.29,33.3333,0.0,0.607,9.478,0.1324,0,0,10.3815
9,Würth 400,2024-04-28,Fastenal,Chris Buescher,RFK Racing #17,17,1,40,1,0,65,174534,5.47,100.0,25.3165,9.8634,57.8763,5.8467,100,0,45.5659
9,Würth 400,2024-04-28,Love's Travel Stops,Todd Gilliland,Front Row Motorsports #34,34,33,0,0,0,3,8003,0.17,17.9487,0.0,0.4552,5.3804,0.0,0,0,5.6092
9,Würth 400,2024-04-28,Monster Energy,Tyler Reddick,23XI Racing #45,45,2,15,0,0,101,314075,12.5,97.4359,9.4937,15.3263,67.8828,13.6018,0,0,40.8227
9,Würth 400,2024-04-28,NAPA Auto Parts,Chase Elliott,Hendrick Motorsports #9,9,23,0,0,0,32,134064,3.7,43.5897,0.0,4.8558,53.3832,3.8941,0,0,19.1973
10,AdventHealth 400,2024-05-05,Dollar Tree,J.H. Nemechek,Legacy Motor Club #42,42,33,0,0,0,5,11336,0.23,17.9487,0.0,0.7587,11.3097,0.0662,0,0,6.2523
10,AdventHealth 400,2024-05-05,Fastenal,Chris Buescher,RFK Racing #17,17,10,3,0,0,28,81578,2.59,76.9231,1.8987,4.2489,44.9225,2.6696,0,0,27.4843
10,AdventHealth 400,2024-05-05,Love's Travel Stops,Todd Gilliland,Front Row Motorsports #34,34,28,0,0,0,4,9260,0.29,30.7692,0.0,0.607,7.8648,0.1324,0,0,9.5023
10,AdventHealth 400,2024-05-05,Monster Energy,Tyler Reddick,23XI Racing #45,45,9,5,0,0,36,190119,7.83,79.4872,3.1646,5.4628,59.333,8.4501,0,0,31.6508
10,AdventHealth 400,2024-05-05,NAPA Auto Parts,Chase Elliott,Hendrick Motorsports #9,9,11,0,0,0,21,213344,6.34,74.359,0.0,3.1866,61.2961,6.8064,0,0,29.3107
11,Goodyear 400,2024-05-12,Dollar Tree,J.H. Nemechek,Legacy Motor Club #42,42,28,0,0,0,3,7960,0.52,30.7692,0.0,0.4552,5.2886,0.3861,0,0,9.3056
11,Goodyear 400,2024-05-12,Fastenal,Chris Buescher,RFK Racing #17,17,4,12,0,0,26,123738,2.88,92.3077,7.5949,3.9454,52.0181,2.9895,0,0,33.2507
11,Goodyear 400,2024-05-12,Love's Travel Stops,Todd Gilliland,Front Row Motorsports #34,34,32,0,0,0,4,7302,0.29,20.5128,0.0,0.607,3.8193,0.1324,0,0,6.2259
11,Goodyear 400,2024-05-12,Monster Energy,Tyler Reddick,23XI Racing #45,45,23,0,0,0,30,58044,4.31,43.5897,0.0,4.5524,39.1256,4.567,0,0,17.943
11,Goodyear 400,2024-05-12,NAPA Auto Parts,Chase Elliott,Hendrick Motorsports #9,9,14,0,0,0,52,174781,5.1,66.6667,0.0,7.8907,57.9004,5.4385,0,0,26.8773
12,Coca-Cola 600,2024-05-26,Dollar Tree,J.H. Nemechek,Legacy Motor Club #42,42,19,0,0,0,17,35673,1.51,53.8462,0.0,2.5797,30.8344,1.4782,0,0,18.8618
12,Coca-Cola 600,2024-05-26,Fastenal,Chris Buescher,RFK Racing #17,17,7,4,0,0,70,253452,5.98,84.6154,2.5316,10.6222,64.2301,6.4093,0,0,33.4041
12,Coca-Cola 600,2024-05-26,Love's Travel Stops,Todd Gilliland,Front Row Motorsports #34,34,22,0,0,0,8,29251,0.46,46.1538,0.0,1.214,27.454,0.3199,0,0,15.8858
12,Coca-Cola 600,2024-05-26,Monster Energy,Tyler Reddick,23XI Racing #45,45,4,13,0,0,193,787408,24.46,92.3077,8.2278,29.2868,83.5371,26.7954,0,0,46.1545
12,Coca-Cola 600,2024-05-26,NAPA Auto Parts,Chase Elliott,Hendrick Motorsports #9,9,1,139,1,0,468,1848377,58.78,100.0,87.9747,71.0167,98.0709,64.6553,100,0,80.8623
13,Toyota/Save Mart 350,2024-06-09,Dollar Tree,J.H. Nemechek,Legacy Motor Club #42,42,26,0,0,0,4,10457,0.23,35.8974,0.0,0.607,9.9352,0.0662,0,0,11.1254
13,Toyota/Save Mart 350,2024-06-09,Fastenal,Chris Buescher,RFK Racing #17,17,26,0,0,0,9,28859,1.3,35.8974,0.0,1.3657,27.2242,1.2466,0,0,13.2842
13,Toyota/Save Mart 350,2024-06-09,Love's Travel Stops,Todd Gilliland,Front Row Motorsports #34,34,25,0,0,0,3,8408,0.29,38.4615,0.0,0.4552,6.2211,0.1324,0,0,11.4766
13,Toyota/Save Mart 350,2024-06-09,Monster Energy,Tyler Reddick,23XI Racing #45,45,7,4,0,0,80,200894,5.46,84.6154,2.5316,12.1396,60.272,5.8356,0,0,32.988
13,Toyota/Save Mart 350,2024-06-09,NAPA Auto Parts,Chase Elliott,Hendrick Motorsports #9,9,4,37,0,0,115,280879,12.5,92.3077,23.4177,17.4507,65.9802,13.6018,0,0,41.0799
14,FireKeepers Casino 400,2024-06-16,Dollar Tree,J.H. Nemechek,Legacy Motor Club #42,42,22,0,0,0,4,13159,0.35,46.1538,0.0,0.607,13.8494,0.1986,0,0,14.4283
14,FireKeepers Casino 400,2024-06-16,Fastenal,Chris Buescher,RFK Racing #17,17,19,0,0,0,11,30547,1.87,53.8462,0.0,1.6692,28.1924,1.8753,0,0,18.6257
14,FireKeepers Casino 400,2024-06-16,Love's Travel Stops,Todd Gilliland,Front Row Motorsports #34,34,18,0,0,0,7,14347,0.46,56.4103,0.0,1.0622,15.3214,0.3199,0,0,17.5292
14,FireKeepers Casino 400,2024-06-16,Monster Energy,Tyler Reddick,23XI Racing #45,45,4,40,0,0,81,329931,11.09,92.3077,25.3165,12.2914,68.7216,12.0463,0,0,40.5993
14,FireKeepers Casino 400,2024-06-16,NAPA Auto Parts,Chase Elliott,Hendrick Motorsports #9,9,6,5,0,0,72,280495,9.06,87.1795,3.1646,10.9256,65.9569,9.8069,0,0,35.4203
15,Iowa Corn 350,2024-06-23,Dollar Tree,J.H. Nemechek,Legacy Motor Club #42,42,22,0,0,0,4,8820,0.29,46.1538,0.0,0.607,7.0358,0.1324,0,0,13.7271
15,Iowa Corn 350,2024-06-23,Fastenal,Chris Buescher,RFK Racing #17,17,14,0,0,0,12,36880,2.3,66.6667,0.0,1.8209,31.4012,2.3497,0,0,22.6938
15,Iowa Corn 350,2024-06-23,Love's Travel Stops,Todd Gilliland,Front Row Motorsports #34,34,36,0,0,0,2,9596,0.17,10.2564,0.0,0.3035,8.4718,0.0,0,0,3.7493
15,Iowa Corn 350,2024-06-23,Monster Energy,Tyler Reddick,23XI Racing #45,45,1,52,1,0,237,610792,12.67,100.0,32.9114,35.9636,79.2112,13.7893,100,0,53.6036
15,Iowa Corn 350,2024-06-23,NAPA Auto Parts,Chase Elliott,Hendrick Motorsports #9,9,2,18,0,0,84,415675,16.28,97.4359,11.3924,12.7466,72.6564,17.7716,0,0,42.5209
16,Quaker State 400,2024-07-07,Dollar Tree,J.H. Nemechek,Legacy Motor Club #42,42,37,0,0,0,4,8917,0.29,7.6923,0.0,0.607,7.222,0.1324,0,0,2.9765
16,Quaker State 400,2024-07-07,Fastenal,Chris Buescher,RFK Racing #17,17,11,0,0,0,17,49760,1.73,74.359,0.0,2.5797,36.5029,1.7209,0,0,25.245
16,Quaker State 400,2024-07-07,Love's Travel Stops,Todd Gilliland,Front Row Motorsports #34,34,22,0,0,0,3,9851,0.29,46.1538,0.0,0.4552,8.9185,0.1324,0,0,13.9002
16,Quaker State 400,2024-07-07,Monster Energy,Tyler Reddick,23XI Racing #45,45,9,5,0,0,90,251376,5.98,79.4872,3.1646,13.6571,64.0901,6.4093,0,0,32.3336
16,Quaker State 400,2024-07-07,NAPA Auto Parts,Chase Elliott,Hendrick Motorsports #9,9,11,0,0,0,39,181761,8.01,74.359,0.0,5.9181,58.5673,8.6486,0,0,29.8636
17,HighPoint.com 400,2024-07-14,Dollar Tree,J.H. Nemechek,Legacy Motor Club #42,42,25,0,0,0,4,11546,0.35,38.4615,0.0,0.607,11.6223,0.1986,0,0,12.0517
17,HighPoint.com 400,2024-07-14,Fastenal,Chris Buescher,RFK Racing #17,17,15,0,0,0,11,68561,1.58,64.1026,0.0,1.6692,41.9617,1.5554,0,0,22.7784
17,HighPoint.com 400,2024-07-14,Love's Travel Stops,Todd Gilliland,Front Row Motorsports #34,34,35,0,0,0,3,7020,0.23,12.8205,0.0,0.4552,3.1485,0.0662,0,0,3.97
17,HighPoint.com 400,2024-07-14,Monster Energy,Tyler Reddick,23XI Racing #45,45,6,6,0,0,35,243326,9.33,87.1795,3.7975,5.3111,63.5357,10.1048,0,0,34.7821
17,HighPoint.com 400,2024-07-14,NAPA Auto Parts,Chase Elliott,Hendrick Motorsports #9,9,15,0,0,0,58,132918,7.04,64.1026,0.0,8.8012,53.237,7.5786,0,0,26.4261
18,Brickyard 400,2024-07-21,Dollar Tree,J.H. Nemechek,Legacy Motor Club #42,42,30,0,0,0,6,23959,0.64,25.641,0.0,0.9105,24.0551,0.5185,0,0,9.8316
18,Brickyard 400,2024-07-21,Fastenal,Chris Buescher,RFK Racing #17,17,8,6,0,0,39,134386,4.18,82.0513,3.7975,5.9181,53.4241,4.4236,0,0,30.6913
18,Brickyard 400,2024-07-21,Love's Travel Stops,Todd Gilliland,Front Row Motorsports #34,34,31,0,0,0,7,18680,0.35,23.0769,0.0,1.0622,19.8161,0.1986,0,0,8.6089
18,Brickyard 400,2024-07-21,Monster Energy,Tyler Reddick,23XI Racing #45,45,1,93,1,0,499,1295098,26.75,100.0,58.8608,75.7208,92.0122,29.3216,100,0,66.6331
18,Brickyard 400,2024-07-21,NAPA Auto Parts,Chase Elliott,Hendrick Motorsports #9,9,5,28,0,0,180,453716,27.19,89.7436,17.7215,27.3141,74.1478,29.8069,0,0,46.3431
19,Cook Out 400,2024-07-28,Dollar Tree,J.H. Nemechek,Legacy Motor Club #42,42,22,0,0,0,4,6545,0.23,46.1538,0.0,0.607,1.9554,0.0662,0,0,13.1992
19,Cook Out 400,2024-07-28,Fastenal,Chris Buescher,RFK Racing #17,17,30,0,0,0,8,29874,1.15,25.641,0.0,1.214,27.8129,1.0811,0,0,10.4065
19,Cook Out 400,2024-07-28,Love's Travel Stops,Todd Gilliland,Front Row Motorsports #34,34,15,0,0,0,4,10503,0.29,64.1026,0.0,0.607,10.0099,0.1324,0,0,19.0501
19,Cook Out 400,2024-07-28,Monster Energy,Tyler Reddick,23XI Racing #45,45,16,0,0,0,51,160789,7.04,61.5385,0.0,7.739,56.4792,7.5786,0,0,25.9262
19,Cook Out 400,2024-07-28,NAPA Auto Parts,Chase Elliott,Hendrick Motorsports #9,9,18,0,0,0,36,111793,5.28,56.4103,0.0,5.4628,50.289,5.6371,0,0,23.0612
20,Cup Series Race at Michigan,2024-08-18,Dollar Tree,J.H. Nemechek,Legacy Motor Club #42,42,40,0,0,0,4,11701,0.23,0.0,0.0,0.607,11.8494,0.0662,0,0,1.2655
20,Cup Series Race at Michigan,2024-08-18,Fastenal,Chris Buescher,RFK Racing #17,17,4,27,0,0,36,114676,3.1,92.3077,17.0886,5.4628,50.7227,3.2322,0,0,34.485
20,Cup Series Race at Michigan,2024-08-18,Love's Travel Stops,Todd Gilliland,Front Row Motorsports #34,34,34,0,0,0,2,9082,0.29,15.3846,0.0,0.3035,7.5343,0.1324,0,0,5.1312
20,Cup Series Race at Michigan,2024-08-18,Monster Energy,Tyler Reddick,23XI Racing #45,45,26,0,0,0,19,79229,4.75,35.8974,0.0,2.8832,44.4249,5.0524,0,0,16.2978
20,Cup Series Race at Michigan,2024-08-18,NAPA Auto Parts,Chase Elliott,Hendrick Motorsports #9,9,25,0,0,0,21,133914,5.02,38.4615,0.0,3.1866,53.3641,5.3502,0,0,18.0294
21,Federated Auto Parts 400,2024-08-25,Dollar Tree,J.H. Nemechek,Legacy Motor Club #42,42,20,0,0,0,4,16733,0.52,51.2821,0.0,0.607,17.9415,0.3861,0,0,16.3297
21,Federated Auto Parts 400,2024-08-25,Fastenal,Chris Buescher,RFK Racing #17,17,4,40,0,0,43,117209,3.31,92.3077,25.3165,6.525,51.0948,3.4639,0,0,35.6853
21,Federated Auto Parts 400,2024-08-25,Love's Travel Stops,Todd Gilliland,Front Row Motorsports #34,34,20,0,0,0,6,16520,0.35,51.2821,0.0,0.9105,17.7233,0.1986,0,0,16.2819
21,Federated Auto Parts 400,2024-08-25,Monster Energy,Tyler Reddick,23XI Racing #45,45,11,0,0,0,35,125268,3.87,74.359,0.0,5.3111,52.2274,4.0816,0,0,27.7988
21,Federated Auto Parts 400,2024-08-25,NAPA Auto Parts,Chase Elliott,Hendrick Motorsports #9,9,14,0,0,0,61,114122,3.78,66.6667,0.0,9.2564,50.6402,3.9823,0,0,25.851
22,Cook Out Southern 500,2024-08-31,Dollar Tree,J.H. Nemechek,Legacy Motor Club #42,42,15,0,0,0,15,32386,1.1,64.1026,0.0,2.2762,29.188,1.0259,0,0,21.4029
22,Cook Out Southern 500,2024-08-31,Fastenal,Chris Buescher,RFK Racing #17,17,29,0,0,0,20,60633,3.02,28.2051,0.0,3.0349,39.8688,3.144,0,0,13.131
22,Cook Out Southern 500,2024-08-31,Love's Travel Stops,Todd Gilliland,Front Row Motorsports #34,34,16,0,0,0,11,32049,1.1,61.5385,0.0,1.6692,29.0099,1.0259,0,0,20.6065
22,Cook Out Southern 500,2024-08-31,Monster Energy,Tyler Reddick,23XI Racing #45,45,3,28,0,0,194,956196,41.01,94.8718,17.7215,29.4385,86.845,45.0524,0,0,53.8348
22,Cook Out Southern 500,2024-08-31,NAPA Auto Parts,Chase Elliott,Hendrick Motorsports #9,9,1,158,1,0,510,1250052,64.15,100.0,100.0,77.39,91.4092,70.5792,100,0,84.0537
23,Enjoy Illinois 300,2024-09-08,Dollar Tree,J.H. Nemechek,Legacy Motor Club #42,42,30,0,0,0,4,10863,0.35,25.641,0.0,0.607,10.5839,0.1986,0,0,8.3581
23,Enjoy Illinois 300,2024-09-08,Fastenal,Chris Buescher,RFK Racing #17,17,11,0,0,0,15,32531,1.44,74.359,0.0,2.2762,29.2641,1.401,0,0,24.3948
23,Enjoy Illinois 300,2024-09-08,Love's Travel Stops,Todd Gilliland,Front Row Motorsports #34,34,19,0,0,0,5,13185,0.29,53.8462,0.0,0.7587,13.883,0.1324,0,0,16.5808
23,Enjoy Illinois 300,2024-09-08,Monster Energy,Tyler Reddick,23XI Racing #45,45,15,0,0,0,68,151751,5.19,64.1026,0.0,10.3187,55.4939,5.5378,0,0,26.1913
23,Enjoy Illinois 300,2024-09-08,NAPA Auto Parts,Chase Elliott,Hendrick Motorsports #9,9,13,0,0,0,36,127189,5.81,69.2308,0.0,5.4628,52.4866,6.2217,0,0,27.0461
24,Quaker State 400 Atlanta,2024-09-15,Dollar Tree,J.H. Nemechek,Legacy Motor Club #42,42,35,0,0,0,3,9866,0.29,12.8205,0.0,0.4552,8.9444,0.1324,0,0,4.5694
24,Quaker State 400 Atlanta,2024-09-15,Fastenal,Chris Buescher,RFK Racing #17,17,11,0,0,0,17,22003,1.87,74.359,0.0,2.5797,22.6046,1.8753,0,0,23.9015
24,Quaker State 400 Atlanta,2024-09-15,Love's Travel Stops,Todd Gilliland,Front Row Motorsports #34,34,29,0,0,0,2,6212,0.23,28.2051,0.0,0.3035,1.0662,0.0662,0,0,8.0543
24,Quaker State 400 Atlanta,2024-09-15,Monster Energy,Tyler Reddick,23XI Racing #45,45,2,9,0,0,73,379131,15.05,97.4359,5.6962,11.0774,71.089,16.4148,0,0,41.1067
24,Quaker State 400 Atlanta,2024-09-15,NAPA Auto Parts,Chase Elliott,Hendrick Motorsports #9,9,7,7,0,0,83,208530,8.71,84.6154,4.4304,12.5948,60.9073,9.4208,0,0,34.4004
25,Bass Pro Shops Night Race,2024-09-21,Dollar Tree,J.H. Nemechek,Legacy Motor Club #42,42,33,0,0,0,4,9995,0.23,17.9487,0.0,0.607,9.1656,0.0662,0,0,6.0228
25,Bass Pro Shops Night Race,2024-09-21,Fastenal,Chris Buescher,RFK Racing #17,17,21,0,0,0,10,25549,0.65,48.7179,0.0,1.5175,25.1494,0.5295,0,0,16.4666
25,Bass Pro Shops Night Race,2024-09-21,Love's Travel Stops,Todd Gilliland,Front Row Motorsports #34,34,26,0,0,0,3,6887,0.23,35.8974,0.0,0.4552,2.8228,0.0662,0,0,10.3989
25,Bass Pro Shops Night Race,2024-09-21,Monster Energy,Tyler Reddick,23XI Racing #45,45,1,118,1,0,171,727192,30.62,100.0,74.6835,25.9484,82.1821,33.5907,100,0,63.8523
25,Bass Pro Shops Night Race,2024-09-21,NAPA Auto Parts,Chase Elliott,Hendrick Motorsports #9,9,20,0,0,0,44,222537,8.18,51.2821,0.0,6.6768,62.0146,8.8362,0,0,23.879
26,Hollywood Casino 400,2024-09-29,Dollar Tree,J.H. Nemechek,Legacy Motor Club #42,42,21,0,0,0,2,11476,0.35,48.7179,0.0,0.3035,11.5188,0.1986,0,0,14.8828
26,Hollywood Casino 400,2024-09-29,Fastenal,Chris Buescher,RFK Racing #17,17,16,0,0,0,18,44743,1.58,61.5385,0.0,2.7314,34.6928,1.5554,0,0,21.4398
26,Hollywood Casino 400,2024-09-29,Love's Travel Stops,Todd Gilliland,Front Row Motorsports #34,34,34,0,0,0,2,11179,0.29,15.3846,0.0,0.3035,11.0722,0.1324,0,0,5.485
26,Hollywood Casino 400,2024-09-29,Monster Energy,Tyler Reddick,23XI Racing #45,45,21,0,0,0,27,135683,3.78,48.7179,0.0,4.0971,53.5877,3.9823,0,0,20.6042
26,Hollywood Casino 400,2024-09-29,NAPA Auto Parts,Chase Elliott,Hendrick Motorsports #9,9,11,0,0,0,52,146179,6.16,74.359,0.0,7.8907,54.8567,6.6078,0,0,29.0776
27,Bank of America ROVAL 400,2024-10-06,Dollar Tree,J.H. Nemechek,Legacy Motor Club #42,42,22,0,0,1,4,12645,0.35,46.1538,0.0,0.607,13.1708,0.1986,0,100,18.3604
27,Bank of America ROVAL 400,2024-10-06,Fastenal,Chris Buescher,RFK Racing #17,17,14,0,0,1,12,51121,1.94,66.6667,0.0,1.8209,36.9624,1.9526,0,100,27.1308
27,Bank of America ROVAL 400,2024-10-06,Love's Travel Stops,Todd Gilliland,Front Row Motorsports #34,34,20,0,0,1,5,14058,0.29,51.2821,0.0,0.7587,14.9749,0.1324,0,100,19.972
27,Bank of America ROVAL 400,2024-10-06,Monster Energy,Tyler Reddick,23XI Racing #45,45,7,3,0,1,55,216739,11.7,84.6154,1.8987,8.346,61.565,12.7192,0,100,38.727
27,Bank of America ROVAL 400,2024-10-06,NAPA Auto Parts,Chase Elliott,Hendrick Motorsports #9,9,17,0,0,1,45,213376,4.31,58.9744,0.0,6.8285,61.2986,4.567,0,100,28.6956
28,South Point 400,2024-10-13,Dollar Tree,J.H. Nemechek,Legacy Motor Club #42,42,24,0,0,1,4,7394,0.23,41.0256,0.0,0.607,4.0325,0.0662,0,100,15.971
28,South Point 400,2024-10-13,Fastenal,Chris Buescher,RFK Racing #17,17,25,0,0,1,8,45927,1.3,38.4615,0.0,1.214,35.1376,1.2466,0,100,18.7784
28,South Point 400,2024-10-13,Love's Travel Stops,Todd Gilliland,Front Row Motorsports #34,34,28,0,0,1,2,5835,0.23,30.7692,0.0,0.3035,0.0,0.0662,0,100,12.6656
28,South Point 400,2024-10-13,Monster Energy,Tyler Reddick,23XI Racing #45,45,5,40,0,1,65,263691,12.32,89.7436,25.3165,9.8634,64.9047,13.4032,0,100,43.6639
28,South Point 400,2024-10-13,NAPA Auto Parts,Chase Elliott,Hendrick Motorsports #9,9,5,24,0,1,41,313912,12.32,89.7436,15.1899,6.2215,67.8739,13.4032,0,100,42.3815
29,YellaWood 500,2024-10-19,Dollar Tree,J.H. Nemechek,Legacy Motor Club #42,42,35,0,0,1,4,10525,0.29,12.8205,0.0,0.607,10.0456,0.1324,0,100,8.6947
29,YellaWood 500,2024-10-19,Fastenal,Chris Buescher,RFK Racing #17,17,16,0,0,1,12,64687,1.37,61.5385,0.0,1.8209,40.9711,1.3238,0,100,25.9071
29,YellaWood 500,2024-10-19,Love's Travel Stops,Todd Gilliland,Front Row Motorsports #34,34,24,0,0,1,3,7060,0.23,41.0256,0.0,0.4552,3.2453,0.0662,0,100,15.8771
29,YellaWood 500,2024-10-19,Monster Energy,Tyler Reddick,23XI Racing #45,45,2,25,0,1,118,555867,17.6,97.4359,15.8228,17.9059,77.6063,19.2278,0,100,48.5003
29,YellaWood 500,2024-10-19,NAPA Auto Parts,Chase Elliott,Hendrick Motorsports #9,9,18,0,0,1,33,191748,4.93,56.4103,0.0,5.0076,59.4783,5.251,0,100,27.8188
30,Dixie Vodka 400,2024-10-26,Dollar Tree,J.H. Nemechek,Legacy Motor Club #42,42,28,0,0,1,4,10875,0.35,30.7692,0.0,0.607,10.6027,0.1986,0,100,13.7959
30,Dixie Vodka 400,2024-10-26,Fastenal,Chris Buescher,RFK Racing #17,17,9,3,0,1,26,51059,2.45,79.4872,1.8987,3.9454,36.9418,2.5152,0,100,31.3275
30,Dixie Vodka 400,2024-10-26,Love's Travel Stops,Todd Gilliland,Front Row Motorsports #34,34,27,0,0,1,3,6677,0.23,33.3333,0.0,0.4552,2.2955,0.0662,0,100,13.6283
30,Dixie Vodka 400,2024-10-26,Monster Energy,Tyler Reddick,23XI Racing #45,45,10,4,0,1,53,233897,5.9,76.9231,2.5316,8.0425,62.8626,6.321,0,100,34.8291
30,Dixie Vodka 400,2024-10-26,NAPA Auto Parts,Chase Elliott,Hendrick Motorsports #9,9,2,42,0,1,143,495204,16.28,97.4359,26.5823,21.6995,75.6381,17.7716,0,100,49.5372
31,Xfinity 500,2024-11-03,Dollar Tree,J.H. Nemechek,Legacy Motor Club #42,42,31,0,0,1,7,9465,0.41,23.0769,0.0,1.0622,8.2377,0.2648,0,100,11.471
31,Xfinity 500,2024-11-03,Fastenal,Chris Buescher,RFK Racing #17,17,24,0,0,1,10,26649,1.08,41.0256,0.0,1.5175,25.8673,1.0039,0,100,18.5268
31,Xfinity 500,2024-11-03,Love's Travel Stops,Todd Gilliland,Front Row Motorsports #34,34,32,0,0,1,2,9210,0.23,20.5128,0.0,0.3035,7.7726,0.0662,0,100,10.5711
31,Xfinity 500,2024-11-03,Monster Energy,Tyler Reddick,23XI Racing #45,45,8,0,0,1,56,249444,8.45,82.0513,0.0,8.4977,63.9586,9.134,0,100,36.9602
31,Xfinity 500,2024-11-03,NAPA Auto Parts,Chase Elliott,Hendrick Motorsports #9,9,12,0,0,1,52,126087,6.95,71.7949,0.0,7.8907,52.3384,7.4793,0,100,32.3693
32,Straight Talk Wireless 400,2024-11-03,Dollar Tree,J.H. Nemechek,Legacy Motor Club #42,42,29,0,0,1,5,11587,0.41,28.2051,0.0,0.7587,11.6827,0.2648,0,100,13.221
32,Straight Talk Wireless 400,2024-11-03,Fastenal,Chris Buescher,RFK Racing #17,17,23,0,0,1,10,36045,1.15,43.5897,0.0,1.5175,31.0111,1.0811,0,100,19.7823
32,Straight Talk Wireless 400,2024-11-03,Love's Travel Stops,Todd Gilliland,Front Row Motorsports #34,34,25,0,0,1,3,6449,0.23,38.4615,0.0,0.4552,1.7038,0.0662,0,100,15.005
32,Straight Talk Wireless 400,2024-11-03,Monster Energy,Tyler Reddick,23XI Racing #45,45,12,0,0,1,17,128583,6.34,71.7949,0.0,2.5797,52.6722,6.8064,0,100,31.6697
32,Straight Talk Wireless 400,2024-11-03,NAPA Auto Parts,Chase Elliott,Hendrick Motorsports #9,9,6,9,0,1,30,151965,8.71,87.1795,5.6962,4.5524,55.5179,9.4208,0,100,37.9271
33,NASCAR Cup Series Championship,2024-11-10,Dollar Tree,J.H. Nemechek,Legacy Motor Club #42,42,24,0,0,1,10,19575,0.41,41.0256,0.0,1.5175,20.6132,0.2648,0,100,17.7797
33,NASCAR Cup Series Championship,2024-11-10,Fastenal,Chris Buescher,RFK Racing #17,17,20,0,0,1,31,129261,2.09,51.2821,0.0,4.7041,52.7618,2.118,0,100,24.741
33,NASCAR Cup Series Championship,2024-11-10,Love's Travel Stops,Todd Gilliland,Front Row Motorsports #34,34,35,0,0,1,5,15091,0.46,12.8205,0.0,0.7587,16.1825,0.3199,0,100,9.3798
33,NASCAR Cup Series Championship,2024-11-10,Monster Energy,Tyler Reddick,23XI Racing #45,45,15,0,0,1,114,246485,11.88,64.1026,0.0,17.2989,63.7554,12.9178,0,100,33.9295
33,NASCAR Cup Series Championship,2024-11-10,NAPA Auto Parts,Chase Elliott,Hendrick Motorsports #9,9,7,4,0,1,96,445670,10.3,84.6154,2.5316,14.5675,73.8431,11.1748,0,100,40.1896
34,Cup Series at Homestead,2024-11-17,Dollar Tree,J.H. Nemechek,Legacy Motor Club #42,42,28,0,0,1,5,8728,0.29,30.7692,0.0,0.7587,6.8572,0.1324,0,100,13.4167
34,Cup Series at Homestead,2024-11-17,Fastenal,Chris Buescher,RFK Racing #17,17,22,0,0,1,13,44087,1.15,46.1538,0.0,1.9727,34.4412,1.0811,0,100,20.8888
34,Cup Series at Homestead,2024-11-17,Love's Travel Stops,Todd Gilliland,Front Row Motorsports #34,34,20,0,0,1,4,7286,0.35,51.2821,0.0,0.607,3.7819,0.1986,0,100,18.8574
34,Cup Series at Homestead,2024-11-17,Monster Energy,Tyler Reddick,23XI Racing #45,45,2,26,0,1,139,332017,16.63,97.4359,16.4557,21.0926,68.829,18.1577,0,100,47.6962
34,Cup Series at Homestead,2024-11-17,NAPA Auto Parts,Chase Elliott,Hendrick Motorsports #9,9,8,9,0,1,94,274923,8.54,82.0513,5.6962,14.264,65.6151,9.2333,0,100,38.4158
35,Pennzoil 400 Las Vegas,2024-11-17,Dollar Tree,J.H. Nemechek,Legacy Motor Club #42,42,34,0,0,1,6,11678,0.23,15.3846,0.0,0.9105,11.8159,0.0662,0,100,9.6002
35,Pennzoil 400 Las Vegas,2024-11-17,Fastenal,Chris Buescher,RFK Racing #17,17,14,0,0,1,16,67230,1.37,66.6667,0.0,2.4279,41.6278,1.3238,0,100,27.4694
35,Pennzoil 400 Las Vegas,2024-11-17,Love's Travel Stops,Todd Gilliland,Front Row Motorsports #34,34,31,0,0,1,1,8534,0.23,23.0769,0.0,0.1517,6.4744,0.0662,0,100,11.144
35,Pennzoil 400 Las Vegas,2024-11-17,Monster Energy,Tyler Reddick,23XI Racing #45,45,16,0,0,1,51,189848,5.28,61.5385,0.0,7.739,59.3087,5.6371,0,100,29.6267
35,Pennzoil 400 Las Vegas,2024-11-17,NAPA Auto Parts,Chase Elliott,Hendrick Motorsports #9,9,16,0,0,1,64,123021,4.84,61.5385,0.0,9.7117,51.9191,5.1517,0,100,28.9394
36,NASCAR Championship Race,2024-11-24,Dollar Tree,J.H. Nemechek,Legacy Motor Club #42,42,29,0,0,1,8,22315,0.64,28.2051,0.0,1.214,22.8444,0.5185,0,100,14.4588
36,NASCAR Championship Race,2024-11-24,Fastenal,Chris Buescher,RFK Racing #17,17,18,0,0,1,23,74165,2.59,56.4103,0.0,3.4901,43.2999,2.6696,0,100,25.2748
36,NASCAR Championship Race,2024-11-24,Love's Travel Stops,Todd Gilliland,Front Row Motorsports #34,34,26,0,0,1,4,16619,0.52,35.8974,0.0,0.607,17.8251,0.3861,0,100,16.0103
36,NASCAR Championship Race,2024-11-24,Monster Energy,Tyler Reddick,23XI Racing #45,45,2,27,0,1,198,700637,20.68,97.4359,17.0886,30.0455,81.5485,22.6255,0,100,51.2797
36,NASCAR Championship Race,2024-11-24,NAPA Auto Parts,Chase Elliott,Hendrick Motorsports #9,9,20,0,0,1,82,393649,12.58,51.2821,0.0,12.4431,71.7291,13.69,0,100,30.8832
